{
    "ggH":48.308931480000005,
    "ggH_FWDH":3.90859,
    "ggH_PTH_200_300":0.473475,
    "ggH_PTH_300_450":0.120785,
    "ggH_PTH_450_650":0.0144941,
    "ggH_PTH_GT650":0.00483138,
    "ggH_0J_PTH_0_10":6.70112,
    "ggH_0J_PTH_GT10":19.0356,
    "ggH_1J_PTH_0_60":7.13595,
    "ggH_1J_PTH_60_120":4.9425,
    "ggH_1J_PTH_120_200":0.879311,
    "ggH_GE2J_MJJ_0_350_PTH_0_60":1.23683,
    "ggH_GE2J_MJJ_0_350_PTH_60_120":1.98087,
    "ggH_GE2J_MJJ_0_350_PTH_120_200":0.908299,
    "ggH_GE2J_MJJ_350_700_PTH_0_200_PTHJJ_0_25":0.304377,
    "ggH_GE2J_MJJ_350_700_PTH_0_200_PTHJJ_GT25":0.372016,
    "ggH_GE2J_MJJ_GT700_PTH_0_200_PTHJJ_0_25":0.135279,
    "ggH_GE2J_MJJ_GT700_PTH_0_200_PTHJJ_GT25":0.154604,
    "ggZH_had":0.08551679839,
    "ggZH_had_FWDH":0.00233507,
    "ggZH_had_PTH_200_300":0.0119149,
    "ggZH_had_PTH_300_450":0.00330161,
    "ggZH_had_PTH_450_650":0.000658611,
    "ggZH_had_PTH_GT650":0.000171068,
    "ggZH_had_0J_PTH_0_10":8.55339e-06,
    "ggZH_had_0J_PTH_GT10":0.000248048,
    "ggZH_had_1J_PTH_0_60":0.00171068,
    "ggZH_had_1J_PTH_60_120":0.00456751,
    "ggZH_had_1J_PTH_120_200":0.00301935,
    "ggZH_had_GE2J_MJJ_0_350_PTH_0_60":0.00490964,
    "ggZH_had_GE2J_MJJ_0_350_PTH_60_120":0.0167903,
    "ggZH_had_GE2J_MJJ_0_350_PTH_120_200":0.0252667,
    "ggZH_had_GE2J_MJJ_350_700_PTH_0_200_PTHJJ_0_25":0.000975086,
    "ggZH_had_GE2J_MJJ_350_700_PTH_0_200_PTHJJ_GT25":0.00689403,
    "ggZH_had_GE2J_MJJ_GT700_PTH_0_200_PTHJJ_0_25":0.000307922,
    "ggZH_had_GE2J_MJJ_GT700_PTH_0_200_PTHJJ_GT25":0.00243772,
    "qqH":3.7706120000000003,
    "qqH_FWDH":0.252254,
    "qqH_0J":0.262058,
    "qqH_1J":1.23789,
    "qqH_GE2J_MJJ_0_60":0.0512803,
    "qqH_GE2J_MJJ_60_120":0.0904947,
    "qqH_GE2J_MJJ_120_350":0.465294,
    "qqH_GE2J_MJJ_GT350_PTH_GT200":0.15007,
    "qqH_GE2J_MJJ_350_700_PTH_0_200_PTHJJ_0_25":0.386865,
    "qqH_GE2J_MJJ_350_700_PTH_0_200_PTHJJ_GT25":0.145169,
    "qqH_GE2J_MJJ_GT700_PTH_0_200_PTHJJ_0_25":0.568986,
    "qqH_GE2J_MJJ_GT700_PTH_0_200_PTHJJ_GT25":0.160251,
    "WH_had":0.9159496060000001,
    "WH_had_FWDH":0.115135,
    "WH_had_0J":0.0522092,
    "WH_had_1J":0.285135,
    "WH_had_GE2J_MJJ_0_60":0.032791,
    "WH_had_GE2J_MJJ_60_120":0.269564,
    "WH_had_GE2J_MJJ_120_350":0.1275,
    "WH_had_GE2J_MJJ_GT350_PTH_GT200":0.00806037,
    "WH_had_GE2J_MJJ_350_700_PTH_0_200_PTHJJ_0_25":0.00403018,
    "WH_had_GE2J_MJJ_350_700_PTH_0_200_PTHJJ_GT25":0.0170367,
    "WH_had_GE2J_MJJ_GT700_PTH_0_200_PTHJJ_0_25":0.000824356,
    "WH_had_GE2J_MJJ_GT700_PTH_0_200_PTHJJ_GT25":0.0036638,
    "ZH_had":0.527626754,
    "ZH_had_FWDH":0.0603077,
    "ZH_had_0J":0.0228462,
    "ZH_had_1J":0.153328,
    "ZH_had_GE2J_MJJ_0_60":0.016673,
    "ZH_had_GE2J_MJJ_60_120":0.177283,
    "ZH_had_GE2J_MJJ_120_350":0.077139,
    "ZH_had_GE2J_MJJ_GT350_PTH_GT200":0.0043793,
    "ZH_had_GE2J_MJJ_350_700_PTH_0_200_PTHJJ_0_25":0.00216327,
    "ZH_had_GE2J_MJJ_350_700_PTH_0_200_PTHJJ_GT25":0.0106581,
    "ZH_had_GE2J_MJJ_GT700_PTH_0_200_PTHJJ_0_25":0.000474864,
    "ZH_had_GE2J_MJJ_GT700_PTH_0_200_PTHJJ_GT25":0.00237432,
    "WH_lep":0.4426894,
    "WH_lep_FWDH":0.0536982,
    "WH_lep_PTV_0_75":0.206072,
    "WH_lep_PTV_75_150":0.129708,
    "WH_lep_PTV_150_250_0J":0.0225771,
    "WH_lep_PTV_150_250_GE1J":0.0175748,
    "WH_lep_PTV_GT250":0.0130593,
    "ZH_lep":0.22715195999999999,
    "ZH_lep_FWDH":0.0254637,
    "ZH_lep_PTV_0_75":0.103695,
    "ZH_lep_PTV_75_150":0.0697356,
    "ZH_lep_PTV_150_250_0J":0.011721,
    "ZH_lep_PTV_150_250_GE1J":0.00969939,
    "ZH_lep_PTV_GT250":0.00683727,
    "ggZH_lep":0.036822558000000005,
    "ggZH_lep_FWDH":0.000996688,
    "ggZH_lep_PTV_0_75":0.00587595,
    "ggZH_lep_PTV_75_150":0.01595322,
    "ggZH_lep_PTV_150_250_0J":0.003342430,
    "ggZH_lep_PTV_150_250_GE1J":0.0075439,
    "ggZH_lep_PTV_GT250":0.00311037,
    "ttH":0.5052844700000001,
    "ttH_FWDH":0.00679687,
    "ttH_PTH_0_60":0.113281,
    "ttH_PTH_60_120":0.174856,
    "ttH_PTH_120_200":0.129342,
    "ttH_PTH_200_300":0.0541736,
    "ttH_PTH_GT300":0.026835,
    "bbH_FWDH":0.023492,
    "bbH":0.45889,
    "tHq_FWDH":0.00214917,
    "tHq":0.0748819,
    "tHW_FWDH":0.000160802,
    "tHW":0.0150092
}
